"S","diff","alpha","volscl","convergence","model"
5.29845646601013,1.4240143127465,0.535351093903145,1,0,"CanESM5"
4.34798989293055,1.9308931077618,1.00292161949265,1,0,"CESM2-WACCM"
4.77153582245302,1.71269258735274,1.53679767480517,1,0,"CESM2"
4.06280436260755,1.16028535954829,1.59795777755025,1,0,"CNRM-CM6-1"
3.68361254776924,1.21361549633591,1.66648530032366,1,0,"CNRM-ESM2-1"
3.56558329289187,0.473999812397381,1.15854873719487,1,0,"IPSL-CM6A-LR"
